{
    "Acc full sequence": 0.8662674650698603,
    "Acc per character": 0.947230875492096
}